{
  "asset_name": "ITEM CUBE",
  "asset_type": "Models",
  "model_type": "Track",
  "has_box_collider": true,
  "collision_box": {
    "front_top_left": [
      44.647999,
      44.648003,
      44.648003
    ],
    "front_top_right": [
      -44.647999,
      44.648003,
      44.648003
    ],
    "front_bottom_right": [
      -44.647999,
      -44.648003,
      44.648003
    ],
    "front_bottom_left": [
      44.647999,
      -44.648003,
      44.648003
    ],
    "back_top_left": [
      44.647999,
      44.648003,
      -44.648003
    ],
    "back_top_right": [
      -44.647999,
      44.648003,
      -44.648003
    ],
    "back_bottom_right": [
      -44.647999,
      -44.648003,
      -44.648003
    ],
    "back_bottom_left": [
      44.647999,
      -44.648003,
      -44.648003
    ]
  },
  "visible": true,
  "start_x": 0.0,
  "start_y": 0.0,
  "start_z": 0.0,
  "modelscale": 0.025,
  "rot_x": 0.0,
  "rot_y": 0.0,
  "rot_z": 0.0,
  "segment_size": 10.0
}