{
  "has_box_collider": true,
  "collision_box": {
    "front_top_left": [
      0.829038,
      1.53948,
      0.317623
    ],
    "front_top_right": [
      -0.829038,
      1.53948,
      0.317623
    ],
    "front_bottom_right": [
      -0.829038,
      -0.003418,
      0.317623
    ],
    "front_bottom_left": [
      0.829038,
      -0.003418,
      0.317623
    ],
    "back_top_left": [
      0.829038,
      1.53948,
      -0.389002
    ],
    "back_top_right": [
      -0.829038,
      1.53948,
      -0.389002
    ],
    "back_bottom_right": [
      -0.829038,
      -0.003418,
      -0.389002
    ],
    "back_bottom_left": [
      0.829038,
      -0.003418,
      -0.389002
    ]
  },
  "asset_name": "CHARACTER_MARIO",
  "asset_type": "Models",
  "model_type": 2,
  "visible": true,
  "start_x": 0.0,
  "start_y": 0.0,
  "start_z": 0.0,
  "modelscale": 1.0,
  "rot_x": 0.0,
  "rot_y": 0.0,
  "rot_z": 0.0,
  "segment_size": 10.0,
  "in_use_in": [
    "Character"
  ]
}