{
  "has_box_collider": true,
  "collision_box": {
    "front_top_left": [
      0.433203,
      0.716263,
      0.201172
    ],
    "front_top_right": [
      -0.431641,
      0.716263,
      0.201172
    ],
    "front_bottom_right": [
      -0.431641,
      -0.009713,
      0.201172
    ],
    "front_bottom_left": [
      0.433203,
      -0.009713,
      0.201172
    ],
    "back_top_left": [
      0.433203,
      0.716263,
      -0.535547
    ],
    "back_top_right": [
      -0.431641,
      0.716263,
      -0.535547
    ],
    "back_bottom_right": [
      -0.431641,
      -0.009713,
      -0.535547
    ],
    "back_bottom_left": [
      0.433203,
      -0.009713,
      -0.535547
    ]
  },
  "asset_name": "ITEM_BANANA",
  "asset_type": "Models",
  "model_type": 1,
  "visible": true,
  "start_x": 0,
  "start_y": 0,
  "start_z": 0,
  "modelscale": 1.0,
  "rot_x": 0,
  "rot_y": 0,
  "rot_z": 0,
  "segment_size": 10,
  "in_use_in": []
}