{
  "has_box_collider": true,
  "collision_box": {
    "front_top_left": [
      0.647462,
      1.074394,
      0.299267
    ],
    "front_top_right": [
      -0.647462,
      1.074394,
      0.299267
    ],
    "front_bottom_right": [
      -0.647462,
      -0.01457,
      0.299267
    ],
    "front_bottom_left": [
      0.647462,
      -0.01457,
      0.299267
    ],
    "back_top_left": [
      0.647462,
      1.074394,
      -0.803321
    ],
    "back_top_right": [
      -0.647462,
      1.074394,
      -0.803321
    ],
    "back_bottom_right": [
      -0.647462,
      -0.01457,
      -0.803321
    ],
    "back_bottom_left": [
      0.647462,
      -0.01457,
      -0.803321
    ]
  },
  "asset_name": "ITEM_BANANA",
  "asset_type": "Models",
  "model_type": 1,
  "visible": true,
  "start_x": 0.0,
  "start_y": 0.0,
  "start_z": 0.0,
  "modelscale": 1.0,
  "rot_x": 0.0,
  "rot_y": 0.0,
  "rot_z": 0.0,
  "segment_size": 10.0,
  "in_use_in": [
    "Items"
  ]
}