{
  "asset_name": "ITEM_BANANA",
  "asset_type": "Models",
  "model_type": "Track",
  "has_box_collider": true,
  "collision_box": {
    "front_top_left": [
      0.866406,
      1.432526,
      0.402344
    ],
    "front_top_right": [
      -0.863281,
      1.432526,
      0.402344
    ],
    "front_bottom_right": [
      -0.863281,
      -0.019427,
      0.402344
    ],
    "front_bottom_left": [
      0.866406,
      -0.019427,
      0.402344
    ],
    "back_top_left": [
      0.866406,
      1.432526,
      -1.071094
    ],
    "back_top_right": [
      -0.863281,
      1.432526,
      -1.071094
    ],
    "back_bottom_right": [
      -0.863281,
      -0.019427,
      -1.071094
    ],
    "back_bottom_left": [
      0.866406,
      -0.019427,
      -1.071094
    ]
  },
  "visible": true,
  "start_x": 0,
  "start_y": 0,
  "start_z": 0,
  "modelscale": 1.0,
  "rot_x": 0,
  "rot_y": 0,
  "rot_z": 0,
  "segment_size": 10,
  "in_use_in": []
}