{
  "asset_name": "ITEM_GREEN_SHELL",
  "asset_type": "Models",
  "model_type": "Track",
  "has_box_collider": true,
  "collision_box": {
    "front_top_left": [
      0.556348,
      1.007075,
      0.619336
    ],
    "front_top_right": [
      -0.556348,
      1.007075,
      0.619336
    ],
    "front_bottom_right": [
      -0.556348,
      -0.037945,
      0.619336
    ],
    "front_bottom_left": [
      0.556348,
      -0.037945,
      0.619336
    ],
    "back_top_left": [
      0.556348,
      1.007075,
      -0.619336
    ],
    "back_top_right": [
      -0.556348,
      1.007075,
      -0.619336
    ],
    "back_bottom_right": [
      -0.556348,
      -0.037945,
      -0.619336
    ],
    "back_bottom_left": [
      0.556348,
      -0.037945,
      -0.619336
    ]
  },
  "visible": true,
  "start_x": 0,
  "start_y": 0,
  "start_z": 0,
  "modelscale": 1.0,
  "rot_x": 0,
  "rot_y": 0,
  "rot_z": 0,
  "segment_size": 10
}