{
  "asset_name": "REFEREE",
  "asset_type": "Models",
  "model_type": 3,
  "visible": true,
  "start_x": 0.0,
  "start_y": 2.5,
  "start_z": 0.0,
  "modelscale": 1.0,
  "rot_x": 0.0,
  "rot_y": 0.0,
  "rot_z": 0.0,
  "segment_size": 10.0,
  "in_use_in": [
    "Common Models"
  ],
  "has_box_collider": true,
  "collision_box": {
    "front_top_left": [
      0.89539,
      1.034722,
      0.799894
    ],
    "front_top_right": [
      -1.024127,
      1.034722,
      0.799894
    ],
    "front_bottom_right": [
      -1.024127,
      -1.011682,
      0.799894
    ],
    "front_bottom_left": [
      0.89539,
      -1.011682,
      0.799894
    ],
    "back_top_left": [
      0.89539,
      1.034722,
      -0.580098
    ],
    "back_top_right": [
      -1.024127,
      1.034722,
      -0.580098
    ],
    "back_bottom_right": [
      -1.024127,
      -1.011682,
      -0.580098
    ],
    "back_bottom_left": [
      0.89539,
      -1.011682,
      -0.580098
    ]
  }
}