{
  "asset_name": "RBR_TEST",
  "asset_type": "Models",
  "model_type": 0,
  "has_box_collider": false,
  "visible": true,
  "start_x": -35.286,
  "start_y": 53.984,
  "start_z": 33.639,
  "modelscale": 11.0,
  "rot_x": 0.0,
  "rot_y": 0.0,
  "rot_z": 0.0,
  "segment_size": 50.0,
  "map_cameras": [
    {
      "name": "Camera",
      "pos": [
        7.4811315536499023,
        -6.5076398849487305,
        5.34366512298584
      ],
      "role": "WIP",
      "rotation": [
        1.1093189716339111,
        0.0,
        0.81492817401885986
      ]
    }
  ],
  "map_finishline": [
    {
      "pos": [
        -35.32942581176758,
        -29.817964553833008,
        54.299015045166016
      ],
      "rotation": [
        0.0,
        0.0,
        0.0
      ]
    }
  ],
  "map_itemboxes": [
    {
      "pos": [
        -36.019691467285156,
        -19.494930267333984,
        54.299015045166016
      ],
      "rotation": [
        0.0,
        0.0,
        0.0
      ]
    },
    {
      "pos": [
        -35.422176361083984,
        -19.494930267333984,
        54.299015045166016
      ],
      "rotation": [
        0.0,
        0.0,
        0.0
      ]
    },
    {
      "pos": [
        -34.88053894042969,
        -19.494930267333984,
        54.299015045166016
      ],
      "rotation": [
        0.0,
        0.0,
        0.0
      ]
    },
    {
      "pos": [
        -34.42880630493164,
        -19.494930267333984,
        54.299015045166016
      ],
      "rotation": [
        0.0,
        0.0,
        0.0
      ]
    }
  ],
  "map_waypoints": [
    [
        -35.30674743652344,
        -27.768611907958984,
        54.40605926513672
    ],
    [
        -35.30674743652344,
        -21.22530746459961,
        54.66307067871094
    ],
    [
        -35.30674743652344,
        -15.128917694091797,
        53.27119827270508
    ],
    [
        -35.322547912597656,
        -11.568304061889648,
        47.8809700012207
    ],
    [
        -35.322547912597656,
        -9.00683307647705,
        41.34407424926758
    ],
    [
        -35.322547912597656,
        -6.523355484008789,
        35.25440216064453
    ],
    [
        -35.322547912597656,
        -0.41610878705978394,
        31.290260314941406
    ],
    [
        -35.36674499511719,
        3.571577548980713,
        30.761476516723633
    ],
    [
        -35.71137237548828,
        10.933792114257812,
        31.123600006103516
    ],
    [
        -40.5914192199707,
        15.104723930358887,
        29.37542152404785
    ],
    [
        -50.37451171875,
        11.617425918579102,
        23.416149139404297
    ],
    [
        -50.37451171875,
        5.15940523147583,
        22.06392478942871
    ],
    [
        -43.39097213745117,
        4.292715072631836,
        18.58692169189453
    ],
    [
        -24.38983726501465,
        4.292715072631836,
        15.810540199279785
    ],
    [
        -12.310486793518066,
        4.292715072631836,
        15.30711555480957
    ],
    [
        -1.4897537231445312,
        4.292715072631836,
        15.30711555480957
    ],
    [
        10.661383628845215,
        2.4220428466796875,
        14.99388313293457
    ],
    [
        15.337247848510742,
        0.17113836109638214,
        15.55275821685791
    ],
    [
        18.39083480834961,
        1.447327971458435,
        14.663688659667969
    ],
    [
        22.131301879882812,
        6.472995281219482,
        13.48716926574707
    ],
    [
        27.292783737182617,
        5.076641082763672,
        13.224394798278809
    ],
    [
        27.074573516845703,
        -0.6266183853149414,
        13.10561752319336
    ],
    [
        22.201026916503906,
        -3.4564061164855957,
        15.635354042053223
    ],
    [
        -27.125713348388672,
        -10.747823715209961,
        62.08415603637695
    ],
    [
        -36.54880905151367,
        -7.748169898986816,
        60.00746154785156
    ],
    [
        -42.839752197265625,
        -1.731299877166748,
        60.00746154785156
    ],
    [
        -47.4630126953125,
        -2.6639137268066406,
        63.49437713623047
    ],
    [
        -50.622074127197266,
        -5.502806663513184,
        59.573585510253906
    ],
    [
        -51.32561492919922,
        -13.659683227539062,
        55.796077728271484
    ],
    [
        -49.74867630004883,
        -12.656732559204102,
        55.9720344543457
    ],
    [
        -41.876041412353516,
        -43.48919677734375,
        52.59744644165039
    ],
    [
        -42.589595794677734,
        -39.41996765136719,
        51.755638122558594
    ],
    [
        -40.21056365966797,
        -50.26768493652344,
        53.57985305786133
    ],
    [
        -39.94750213623047,
        -50.9553108215332,
        53.80399703979492
    ],
    [
        -33.12087631225586,
        -52.4914665222168,
        55.27143859863281
    ],
    [
        -30.619937896728516,
        -45.88755416870117,
        55.68691635131836
    ],
    [
        -34.49196243286133,
        -39.49378967285156,
        54.49351501464844
    ],
    [
        -35.32942581176758,
        -31.84944725036621,
        54.299015045166016
    ]
  ],
  "map_spawnpoints": []
}