{
  "has_box_collider": true,
  "collision_box": {
    "front_top_left": [
      0.777687,
      0.830384,
      0.985612
    ],
    "front_top_right": [
      -0.777687,
      0.830384,
      0.985612
    ],
    "front_bottom_right": [
      -0.777687,
      -0.013318,
      0.985612
    ],
    "front_bottom_left": [
      0.777687,
      -0.013318,
      0.985612
    ],
    "back_top_left": [
      0.777687,
      0.830384,
      -1.558334
    ],
    "back_top_right": [
      -0.777687,
      0.830384,
      -1.558334
    ],
    "back_bottom_right": [
      -0.777687,
      -0.013318,
      -1.558334
    ],
    "back_bottom_left": [
      0.777687,
      -0.013318,
      -1.558334
    ]
  },
  "asset_name": "STANDARD_KART",
  "asset_type": "Models",
  "model_type": 2,
  "visible": true,
  "start_x": 0,
  "start_y": 0,
  "start_z": 0,
  "modelscale": 1.0,
  "rot_x": 0,
  "rot_y": 0,
  "rot_z": 0,
  "segment_size": 10,
  "in_use_in": [
    "Vehicle"
  ]
}