{
  "cams": [],
  "finish_line": [
    {
      "bottom_left": [
        -12.109699249267578,
        -38.43714904785156,
        21.513111114501953
      ],
      "bottom_right": [
        -12.109699249267578,
        -31.78714942932129,
        21.513111114501953
      ],
      "top_left": [
        -12.109699249267578,
        -31.78714942932129,
        26.513111114501953
      ],
      "top_right": [
        -12.109699249267578,
        -38.43714904785156,
        26.513111114501953
      ]
    }
  ],
  "glider_track": [],
  "item_boxes": [],
  "spawns": [
    {
      "name": "Kart Spawn Position",
      "pos": [
        -16.724260330200195,
        -35.14922332763672,
        23.992759704589844
      ],
      "rotation": [
        0.0,
        0.0,
        0.0
      ]
    }
  ],
  "waypoints": [
    {
      "bottom_left": [
        18.139686584472656,
        -35.62502670288086,
        21.513111114501953
      ],
      "bottom_right": [
        18.139686584472656,
        -28.62502670288086,
        21.513111114501953
      ],
      "index": 0,
      "top_left": [
        18.139686584472656,
        -28.62502670288086,
        26.5631103515625
      ],
      "top_right": [
        18.139686584472656,
        -35.62502670288086,
        26.5631103515625
      ]
    },
    {
      "bottom_left": [
        18.139686584472656,
        -16.00263214111328,
        21.513111114501953
      ],
      "bottom_right": [
        18.139686584472656,
        -9.302631378173828,
        21.513111114501953
      ],
      "index": 1,
      "top_left": [
        18.139686584472656,
        -9.302631378173828,
        26.513111114501953
      ],
      "top_right": [
        18.139686584472656,
        -16.00263214111328,
        26.513111114501953
      ]
    },
    {
      "bottom_left": [
        -14.446226119995117,
        -15.35133171081543,
        19.09625244140625
      ],
      "bottom_right": [
        -14.446226119995117,
        -9.301331520080566,
        19.09625244140625
      ],
      "index": 2,
      "top_left": [
        -14.446226119995117,
        -9.301331520080566,
        22.796253204345703
      ],
      "top_right": [
        -14.446226119995117,
        -15.35133171081543,
        22.796253204345703
      ]
    },
    {
      "bottom_left": [
        -42.50713348388672,
        -15.35133171081543,
        18.371084213256836
      ],
      "bottom_right": [
        -42.50713348388672,
        1.4486675262451172,
        18.371084213256836
      ],
      "index": 3,
      "top_left": [
        -42.50713348388672,
        1.4486675262451172,
        21.27108383178711
      ],
      "top_right": [
        -42.50713348388672,
        -15.35133171081543,
        21.27108383178711
      ]
    },
    {
      "bottom_left": [
        -54.40026092529297,
        0.7911835312843323,
        18.371084213256836
      ],
      "bottom_right": [
        -44.00738525390625,
        8.177019119262695,
        18.371084213256836
      ],
      "index": 4,
      "top_left": [
        -44.00738525390625,
        8.177019119262695,
        21.52108383178711
      ],
      "top_right": [
        -54.40026092529297,
        0.7911835312843323,
        21.52108383178711
      ]
    },
    {
      "bottom_left": [
        -32.25541305541992,
        36.58842849731445,
        17.174564361572266
      ],
      "bottom_right": [
        -28.703697204589844,
        29.142101287841797,
        17.174564361572266
      ],
      "index": 5,
      "top_left": [
        -28.703697204589844,
        29.142101287841797,
        22.87456512451172
      ],
      "top_right": [
        -32.25541305541992,
        36.58842849731445,
        22.87456512451172
      ]
    },
    {
      "bottom_left": [
        2.5413098335266113,
        30.01416778564453,
        15.537790298461914
      ],
      "bottom_right": [
        -6.813683032989502,
        26.774707794189453,
        15.537790298461914
      ],
      "index": 6,
      "top_left": [
        -6.813683032989502,
        26.774707794189453,
        20.937789916992188
      ],
      "top_right": [
        2.5413098335266113,
        30.01416778564453,
        20.937789916992188
      ]
    },
    {
      "bottom_left": [
        23.95541763305664,
        51.135074615478516,
        17.056209564208984
      ],
      "bottom_right": [
        34.89166259765625,
        43.39178466796875,
        17.056209564208984
      ],
      "index": 7,
      "top_left": [
        34.89166259765625,
        43.39178466796875,
        22.006210327148438
      ],
      "top_right": [
        23.95541763305664,
        51.135074615478516,
        22.006210327148438
      ]
    },
    {
      "bottom_left": [
        60.305198669433594,
        28.44055938720703,
        18.61240005493164
      ],
      "bottom_right": [
        49.978355407714844,
        29.671960830688477,
        18.61240005493164
      ],
      "index": 8,
      "top_left": [
        49.978355407714844,
        29.671960830688477,
        24.062400817871094
      ],
      "top_right": [
        60.305198669433594,
        28.44055938720703,
        24.062400817871094
      ]
    },
    {
      "bottom_left": [
        28.643436431884766,
        -12.298659324645996,
        18.61240005493164
      ],
      "bottom_right": [
        28.643436431884766,
        0.30134105682373047,
        18.61240005493164
      ],
      "index": 9,
      "top_left": [
        28.643436431884766,
        0.30134105682373047,
        23.61240005493164
      ],
      "top_right": [
        28.643436431884766,
        -12.298659324645996,
        23.61240005493164
      ]
    },
    {
      "bottom_left": [
        -2.9067611694335938,
        -9.569071769714355,
        18.61240005493164
      ],
      "bottom_right": [
        -2.9067611694335938,
        -1.8190717697143555,
        18.61240005493164
      ],
      "index": 10,
      "top_left": [
        -2.9067611694335938,
        -1.8190717697143555,
        23.312400817871094
      ],
      "top_right": [
        -2.9067611694335938,
        -9.569071769714355,
        23.312400817871094
      ]
    },
    {
      "bottom_left": [
        -38.02363586425781,
        -14.588146209716797,
        22.46013069152832
      ],
      "bottom_right": [
        -45.24538040161133,
        -11.916741371154785,
        22.46013069152832
      ],
      "index": 11,
      "top_left": [
        -45.24538040161133,
        -11.916741371154785,
        27.46013069152832
      ],
      "top_right": [
        -38.02363586425781,
        -14.588146209716797,
        27.46013069152832
      ]
    },
    {
      "bottom_left": [
        -35.55004119873047,
        -30.382064819335938,
        22.46013069152832
      ],
      "bottom_right": [
        -34.8222770690918,
        -41.057289123535156,
        22.46013069152832
      ],
      "index": 12,
      "top_left": [
        -34.8222770690918,
        -41.057289123535156,
        25.560131072998047
      ],
      "top_right": [
        -35.55004119873047,
        -30.382064819335938,
        25.560131072998047
      ]
    }
  ]
}