{
  "asset_name": "BANANA",
  "asset_type": "Models",
  "model_type": "Prop",
  "has_box_collider": true,
  "collision_box": {
    "front_top_left": [
      4.332031,
      2.011719,
      3.033203
    ],
    "front_top_right": [
      -4.316406,
      2.011719,
      3.033203
    ],
    "front_bottom_right": [
      -4.316406,
      -5.355469,
      3.033203
    ],
    "front_bottom_left": [
      4.332031,
      -5.355469,
      3.033203
    ],
    "back_top_left": [
      4.332031,
      2.011719,
      -4.226562
    ],
    "back_top_right": [
      -4.316406,
      2.011719,
      -4.226562
    ],
    "back_bottom_right": [
      -4.316406,
      -5.355469,
      -4.226562
    ],
    "back_bottom_left": [
      4.332031,
      -5.355469,
      -4.226562
    ]
  },
  "visible": true,
  "start_x": 0,
  "start_y": 0,
  "start_z": 0,
  "modelscale": 1.0,
  "rot_x": 0,
  "rot_y": 0,
  "rot_z": 0,
  "segment_size": 10
}