{
  "asset_name": "ITEM_BULLET_BILL",
  "asset_type": "Models",
  "model_type": "Track",
  "has_box_collider": true,
  "collision_box": {
    "front_top_left": [
      17.38887,
      21.027363,
      19.753651
    ],
    "front_top_right": [
      -17.38887,
      21.027363,
      19.753651
    ],
    "front_bottom_right": [
      -17.38887,
      -0.077191,
      19.753651
    ],
    "front_bottom_left": [
      17.38887,
      -0.077191,
      19.753651
    ],
    "back_top_left": [
      17.38887,
      21.027363,
      -13.088181
    ],
    "back_top_right": [
      -17.38887,
      21.027363,
      -13.088181
    ],
    "back_bottom_right": [
      -17.38887,
      -0.077191,
      -13.088181
    ],
    "back_bottom_left": [
      17.38887,
      -0.077191,
      -13.088181
    ]
  },
  "visible": true,
  "start_x": 0.0,
  "start_y": 0.0,
  "start_z": 0.0,
  "modelscale": 1.0,
  "rot_x": 0.0,
  "rot_y": 0.0,
  "rot_z": 0.0,
  "segment_size": 10.0,
  "in_use_in": []
}