{
  "asset_name": "ITEM_BLOOPER",
  "asset_type": "Models",
  "model_type": "Track",
  "has_box_collider": true,
  "collision_box": {
    "front_top_left": [
      57.764286,
      319.443909,
      123.521019
    ],
    "front_top_right": [
      -55.526928,
      319.443909,
      123.521019
    ],
    "front_bottom_right": [
      -55.526928,
      0,
      123.521019
    ],
    "front_bottom_left": [
      57.764286,
      0,
      123.521019
    ],
    "back_top_left": [
      57.764286,
      319.443909,
      -123.520966
    ],
    "back_top_right": [
      -55.526928,
      319.443909,
      -123.520966
    ],
    "back_bottom_right": [
      -55.526928,
      0,
      -123.520966
    ],
    "back_bottom_left": [
      57.764286,
      0,
      -123.520966
    ]
  },
  "visible": true,
  "start_x": 0.0,
  "start_y": 0.0,
  "start_z": 0.0,
  "modelscale": 1.0,
  "rot_x": 0.0,
  "rot_y": 0.0,
  "rot_z": 0.0,
  "segment_size": 10.0,
  "in_use_in": []
}