{
  "has_box_collider": true,
  "collision_box": {
    "front_top_left": [
      0.258008,
      0.344141,
      0.108594
    ],
    "front_top_right": [
      -0.258008,
      0.344141,
      0.108594
    ],
    "front_bottom_right": [
      -0.258008,
      -0.318164,
      0.108594
    ],
    "front_bottom_left": [
      0.258008,
      -0.318164,
      0.108594
    ],
    "back_top_left": [
      0.258008,
      0.344141,
      -0.115137
    ],
    "back_top_right": [
      -0.258008,
      0.344141,
      -0.115137
    ],
    "back_bottom_right": [
      -0.258008,
      -0.318164,
      -0.115137
    ],
    "back_bottom_left": [
      0.258008,
      -0.318164,
      -0.115137
    ]
  },
  "asset_name": "ITEM_BLOOPER",
  "asset_type": "Models",
  "model_type": 1,
  "visible": true,
  "start_x": 0,
  "start_y": 0,
  "start_z": 0,
  "modelscale": 1.0,
  "rot_x": 0,
  "rot_y": 0,
  "rot_z": 0,
  "segment_size": 10,
  "in_use_in": []
}