{
  "asset_name": "ITEM_RED_SHELL",
  "asset_type": "Models",
  "model_type": "Track",
  "has_box_collider": true,
  "collision_box": {
    "front_top_left": [
      3.708984,
      6.845037,
      4.128906
    ],
    "front_top_right": [
      -3.708984,
      6.845037,
      4.128906
    ],
    "front_bottom_right": [
      -3.708984,
      -0.12176,
      4.128906
    ],
    "front_bottom_left": [
      3.708984,
      -0.12176,
      4.128906
    ],
    "back_top_left": [
      3.708984,
      6.845037,
      -4.128906
    ],
    "back_top_right": [
      -3.708984,
      6.845037,
      -4.128906
    ],
    "back_bottom_right": [
      -3.708984,
      -0.12176,
      -4.128906
    ],
    "back_bottom_left": [
      3.708984,
      -0.12176,
      -4.128906
    ]
  },
  "visible": true,
  "start_x": 0.0,
  "start_y": 0.0,
  "start_z": 0.0,
  "modelscale": 1.0,
  "rot_x": 0.0,
  "rot_y": 0.0,
  "rot_z": 0.0,
  "segment_size": 10.0,
  "in_use_in": []
}