{
  "asset_name": "MARIO KART STADIUM",
  "asset_type": "Models",
  "model_type": "Track",
  "has_box_collider": false,
  "visible": true,
  "start_x": 5.0,
  "start_y": 35.0,
  "start_z": -5.0,
  "modelscale": 6.0,
  "rot_x": 0.0,
  "rot_y": 0.0,
  "rot_z": 0.0,
  "segment_size": 10.0,
  "map_cameras": [
    {
      "name": "Camera",
      "pos": [
        7.4811315536499023,
        -6.5076398849487305,
        5.34366512298584
      ],
      "role": "WIP",
      "rotation": [
        1.1093189716339111,
        0.0,
        0.81492817401885986
      ]
    }
  ],
  "map_waypoints": [
    [
      4.7077641487121582,
      7.0630278587341309,
      26.04145622253418
    ],
    [
      4.7077641487121582,
      37.683128356933594,
      26.04145622253418
    ],
    [
      13.640571594238281,
      45.514255523681641,
      26.04145622253418
    ],
    [
      32.485877990722656,
      45.514255523681641,
      26.04145622253418
    ],
    [
      54.031753540039062,
      45.514255523681641,
      26.04145622253418
    ],
    [
      63.975688934326172,
      36.985855102539062,
      26.565385818481445
    ],
    [
      54.031753540039062,
      27.761955261230469,
      26.04145622253418
    ],
    [
      33.678215026855469,
      27.761955261230469,
      27.519216537475586
    ],
    [
      6.4188899993896484,
      27.761955261230469,
      35.444843292236328
    ],
    [
      -16.117654800415039,
      27.511865615844727,
      44.046913146972656
    ],
    [
      -24.628582000732422,
      21.833463668823242,
      46.551750183105469
    ],
    [
      -57.573631286621094,
      -22.755071640014648,
      50.598213195800781
    ],
    [
      -63.715869903564453,
      -30.283342361450195,
      56.663558959960938
    ],
    [
      -70.5797348022461,
      -26.888879776000977,
      81.0096435546875
    ],
    [
      -73.999794006347656,
      -35.239006042480469,
      90.9192123413086
    ],
    [
      -71.993095397949219,
      -45.6543083190918,
      81.0096435546875
    ],
    [
      -63.831882476806641,
      -45.6543083190918,
      53.238052368164062
    ],
    [
      -52.256431579589844,
      -45.6543083190918,
      39.150310516357422
    ],
    [
      -4.908604621887207,
      -45.6543083190918,
      26.499465942382812
    ],
    [
      9.1526927947998047,
      -41.0922737121582,
      27.199943542480469
    ],
    [
      4.7246627807617188,
      -20.699977874755859,
      26.505779266357422
    ]
  ],
  "map_spawnpoints": [],
  "map_finishline": [
    {
      "pos": [
        4.7246627807617188,
        -0.45345607399940491,
        26.505779266357422
      ],
      "rotation": [
        0.0,
        0.0,
        0.0
      ]
    }
  ],
  "map_itemboxes": []
}