{
  "asset_name": "MUTE_CITY_SUBMESH_2",
  "asset_type": "Models",
  "model_type": 3,
  "visible": true,
  "start_x": 0.0,
  "start_y": 0.0,
  "start_z": 0.0,
  "modelscale": 6.0,
  "rot_x": 0.0,
  "rot_y": 0.0,
  "rot_z": 0.0,
  "segment_size": 10.0,
  "in_use_in": [
    "Map"
  ],
  "has_box_collider": true,
  "collision_box": {
    "front_top_left": [
      1763.455,
      324.065,
      1330.205
    ],
    "front_top_right": [
      -1658.142,
      324.065,
      1330.205
    ],
    "front_bottom_right": [
      -1658.142,
      -79.08818,
      1330.205
    ],
    "front_bottom_left": [
      1763.455,
      -79.08818,
      1330.205
    ],
    "back_top_left": [
      1763.455,
      324.065,
      -1935.02
    ],
    "back_top_right": [
      -1658.142,
      324.065,
      -1935.02
    ],
    "back_bottom_right": [
      -1658.142,
      -79.08818,
      -1935.02
    ],
    "back_bottom_left": [
      1763.455,
      -79.08818,
      -1935.02
    ]
  }
}