{
  "has_box_collider": false,
  "asset_name": "DRAGON_DRIFTWAY",
  "asset_type": "Models",
  "model_type": 0,
  "visible": true,
  "start_x": 0.0,
  "start_y": 0.0,
  "start_z": 0.0,
  "modelscale": 6.0,
  "rot_x": 0.0,
  "rot_y": 0.0,
  "rot_z": 0.0,
  "segment_size": 10.0,
  "in_use_in": [
    "Map"
  ],
  "map_cameras": [
    {
      "name": "Camera",
      "pos": [
        7.4811315536499023,
        -6.5076398849487305,
        5.34366512298584
      ],
      "role": "WIP",
      "rotation": [
        1.1093189716339111,
        0.0,
        0.81492817401885986
      ]
    }
  ],
  "map_waypoints": [
    {
      "bottom_left": [
        -3.3324854373931885,
        7.0911555290222168,
        48.2061653137207
      ],
      "bottom_right": [
        3.2675139904022217,
        7.0911550521850586,
        48.2061653137207
      ],
      "index": 0,
      "top_left": [
        3.2675139904022217,
        7.0911550521850586,
        51.9561653137207
      ],
      "top_right": [
        -3.3324854373931885,
        7.0911555290222168,
        51.9561653137207
      ]
    },
    {
      "bottom_left": [
        -1.4870693683624268,
        25.834741592407227,
        49.497566223144531
      ],
      "bottom_right": [
        3.3276774883270264,
        28.183052062988281,
        52.087192535400391
      ],
      "index": 1,
      "top_left": [
        1.3717620372772217,
        27.229087829589844,
        56.588783264160156
      ],
      "top_right": [
        -3.4429848194122314,
        24.880777359008789,
        53.999160766601562
      ]
    },
    {
      "bottom_left": [
        2.1912999153137207,
        49.208194732666016,
        58.317867279052734
      ],
      "bottom_right": [
        1.6000916957855225,
        55.533855438232422,
        54.6220588684082
      ],
      "index": 2,
      "top_left": [
        -3.3837049007415771,
        55.188827514648438,
        54.828762054443359
      ],
      "top_right": [
        -2.7924966812133789,
        48.863166809082031,
        58.524570465087891
      ]
    },
    {
      "bottom_left": [
        0.95013284683227539,
        52.809722900390625,
        85.893325805664062
      ],
      "bottom_right": [
        3.9136857986450195,
        58.568290710449219,
        78.739395141601562
      ],
      "index": 3,
      "top_left": [
        -0.40835857391357422,
        57.813529968261719,
        76.341423034667969
      ],
      "top_right": [
        -3.3719115257263184,
        52.054962158203125,
        83.495353698730469
      ]
    },
    {
      "bottom_left": [
        2.4473772048950195,
        62.777626037597656,
        71.565628051757812
      ],
      "bottom_right": [
        1.1578654050827026,
        70.11444091796875,
        71.461875915527344
      ],
      "index": 4,
      "top_left": [
        -3.750312328338623,
        69.246200561523438,
        71.066978454589844
      ],
      "top_right": [
        -2.4608006477355957,
        61.909385681152344,
        71.170722961425781
      ]
    },
    {
      "bottom_left": [
        3.2476108074188232,
        64.741775512695312,
        41.471900939941406
      ],
      "bottom_right": [
        1.2043976783752441,
        60.179683685302734,
        41.584209442138672
      ],
      "index": 5,
      "top_left": [
        -4.0027613639831543,
        62.528011322021484,
        42.242515563964844
      ],
      "top_right": [
        -1.9595482349395752,
        67.090103149414062,
        42.130207061767578
      ]
    },
    {
      "bottom_left": [
        1.6377784013748169,
        63.815216064453125,
        24.403491973876953
      ],
      "bottom_right": [
        -4.8672943115234375,
        66.5068588256836,
        26.334571838378906
      ],
      "index": 6,
      "top_left": [
        -5.79768705368042,
        63.628349304199219,
        27.21265983581543
      ],
      "top_right": [
        0.70738554000854492,
        60.936702728271484,
        25.281579971313477
      ]
    },
    {
      "bottom_left": [
        -11.609997749328613,
        63.045173645019531,
        19.604045867919922
      ],
      "bottom_right": [
        -11.348623275756836,
        66.850479125976562,
        26.407817840576172
      ],
      "index": 7,
      "top_left": [
        -11.283075332641602,
        63.795253753662109,
        28.114068984985352
      ],
      "top_right": [
        -11.544449806213379,
        59.989948272705078,
        21.3102970123291
      ]
    },
    {
      "bottom_left": [
        -10.841814994812012,
        67.798820495605469,
        36.538593292236328
      ],
      "bottom_right": [
        -16.696037292480469,
        68.55706787109375,
        39.707683563232422
      ],
      "index": 8,
      "top_left": [
        -16.684612274169922,
        65.449775695800781,
        40.472255706787109
      ],
      "top_right": [
        -10.830389022827148,
        64.691520690917969,
        37.303165435791016
      ]
    },
    {
      "bottom_left": [
        -25.342170715332031,
        66.792617797851562,
        51.333744049072266
      ],
      "bottom_right": [
        -25.342170715332031,
        71.792617797851562,
        51.333744049072266
      ],
      "index": 9,
      "top_left": [
        -17.818714141845703,
        71.792617797851562,
        57.2967643737793
      ],
      "top_right": [
        -17.818714141845703,
        66.792617797851562,
        57.2967643737793
      ]
    },
    {
      "bottom_left": [
        -7.1172676086425781,
        73.269447326660156,
        70.85540771484375
      ],
      "bottom_right": [
        -7.5809345245361328,
        68.81011962890625,
        71.241897583007812
      ],
      "index": 10,
      "top_left": [
        -13.317265510559082,
        68.618766784667969,
        62.152320861816406
      ],
      "top_right": [
        -12.853598594665527,
        73.078094482421875,
        61.765830993652344
      ]
    },
    {
      "bottom_left": [
        18.344203948974609,
        68.374526977539062,
        64.216026306152344
      ],
      "bottom_right": [
        18.938447952270508,
        74.545982360839844,
        64.216026306152344
      ],
      "index": 11,
      "top_left": [
        17.818868637084961,
        74.6537857055664,
        59.34417724609375
      ],
      "top_right": [
        17.224624633789062,
        68.482330322265625,
        59.34417724609375
      ]
    },
    {
      "bottom_left": [
        35.890823364257812,
        65.261703491210938,
        64.68194580078125
      ],
      "bottom_right": [
        39.902595520019531,
        71.83404541015625,
        64.68194580078125
      ],
      "index": 12,
      "top_left": [
        40.289394378662109,
        71.597946166992188,
        59.702522277832031
      ],
      "top_right": [
        36.277618408203125,
        65.025604248046875,
        59.702522277832031
      ]
    },
    {
      "bottom_left": [
        36.4244384765625,
        50.969711303710938,
        64.22772216796875
      ],
      "bottom_right": [
        42.426338195800781,
        45.780132293701172,
        63.729755401611328
      ],
      "index": 13,
      "top_left": [
        42.419746398925781,
        46.178524017333984,
        59.498470306396484
      ],
      "top_right": [
        36.4178466796875,
        51.36810302734375,
        59.996440887451172
      ]
    },
    {
      "bottom_left": [
        23.296096801757812,
        38.008579254150391,
        63.374721527099609
      ],
      "bottom_right": [
        23.296096801757812,
        46.10858154296875,
        63.374721527099609
      ],
      "index": 14,
      "top_left": [
        23.296096801757812,
        46.10858154296875,
        58.374721527099609
      ],