{
  "has_box_collider": false,
  "asset_name": "DRAGON_DRIFTWAY",
  "asset_type": "Models",
  "model_type": 0,
  "visible": true,
  "start_x": 0.0,
  "start_y": 0.0,
  "start_z": 0.0,
  "modelscale": 6.0,
  "rot_x": 0.0,
  "rot_y": 0.0,
  "rot_z": 0.0,
  "segment_size": 10.0,
  "in_use_in": [
    "Map"
  ],
  "map_cameras": [
    {
      "name": "Camera",
      "pos": [
        7.4811315536499023,
        -6.5076398849487305,
        5.34366512298584
      ],
      "role": "WIP",
      "rotation": [
        1.1093189716339111,
        0.0,
        0.81492817401885986
      ]
    }
  ],
  "map_waypoints": [
    {
      "bottom_left": [
        -3.3324854373931885,
        7.091155529022217,
        48.2061653137207
      ],
      "bottom_right": [
        3.2675139904022217,
        7.091155052185059,
        48.2061653137207
      ],
      "index": 0,
      "top_left": [
        3.2675139904022217,
        7.091155052185059,
        51.9561653137207
      ],
      "top_right": [
        -3.3324854373931885,
        7.091155529022217,
        51.9561653137207
      ]
    },
    {
      "bottom_left": [
        -1.4870693683624268,
        25.834741592407227,
        49.49756622314453
      ],
      "bottom_right": [
        3.3276774883270264,
        28.18305206298828,
        52.08719253540039
      ],
      "index": 1,
      "top_left": [
        1.3717620372772217,
        27.229087829589844,
        56.588783264160156
      ],
      "top_right": [
        -3.4429848194122314,
        24.88077735900879,
        53.99916076660156
      ]
    },
    {
      "bottom_left": [
        2.1912999153137207,
        49.208194732666016,
        58.317867279052734
      ],
      "bottom_right": [
        1.6000916957855225,
        55.53385543823242,
        54.6220588684082
      ],
      "index": 2,
      "top_left": [
        -3.383704900741577,
        55.18882751464844,
        54.82876205444336
      ],
      "top_right": [
        -2.792496681213379,
        48.86316680908203,
        58.52457046508789
      ]
    },
    {
      "bottom_left": [
        0.9501328468322754,
        52.809722900390625,
        85.89332580566406
      ],
      "bottom_right": [
        3.9136857986450195,
        58.56829071044922,
        78.73939514160156
      ],
      "index": 3,
      "top_left": [
        -0.4083585739135742,
        57.81352996826172,
        76.34142303466797
      ],
      "top_right": [
        -3.3719115257263184,
        52.054962158203125,
        83.49535369873047
      ]
    },
    {
      "bottom_left": [
        2.4473772048950195,
        62.777626037597656,
        71.56562805175781
      ],
      "bottom_right": [
        1.1578654050827026,
        70.11444091796875,
        71.46187591552734
      ],
      "index": 4,
      "top_left": [
        -3.750312328338623,
        69.24620056152344,
        71.06697845458984
      ],
      "top_right": [
        -2.4608006477355957,
        61.909385681152344,
        71.17072296142578
      ]
    },
    {
      "bottom_left": [
        3.2476108074188232,
        64.74177551269531,
        41.471900939941406
      ],
      "bottom_right": [
        1.2043976783752441,
        60.179683685302734,
        41.58420944213867
      ],
      "index": 5,
      "top_left": [
        -4.002761363983154,
        62.528011322021484,
        42.242515563964844
      ],
      "top_right": [
        -1.9595482349395752,
        67.09010314941406,
        42.13020706176758
      ]
    },
    {
      "bottom_left": [
        1.637778401374817,
        63.815216064453125,
        24.403491973876953
      ],
      "bottom_right": [
        -4.8672943115234375,
        66.5068588256836,
        26.334571838378906
      ],
      "index": 6,
      "top_left": [
        -5.79768705368042,
        63.62834930419922,
        27.21265983581543
      ],
      "top_right": [
        0.7073855400085449,
        60.936702728271484,
        25.281579971313477
      ]
    },
    {
      "bottom_left": [
        -11.609997749328613,
        63.04517364501953,
        19.604045867919922
      ],
      "bottom_right": [
        -11.348623275756836,
        66.85047912597656,
        26.407817840576172
      ],
      "index": 7,
      "top_left": [
        -11.283075332641602,
        63.79525375366211,
        28.11406898498535
      ],
      "top_right": [
        -11.544449806213379,
        59.98994827270508,
        21.3102970123291
      ]
    },
    {
      "bottom_left": [
        -10.841814994812012,
        67.79882049560547,
        36.53859329223633
      ],
      "bottom_right": [
        -16.69603729248047,
        68.55706787109375,
        39.70768356323242
      ],
      "index": 8,
      "top_left": [
        -16.684612274169922,
        65.44977569580078,
        40.47225570678711
      ],
      "top_right": [
        -10.830389022827148,
        64.69152069091797,
        37.303165435791016
      ]
    },
    {
      "bottom_left": [
        -25.34217071533203,
        66.79261779785156,
        51.333744049072266
      ],
      "bottom_right": [
        -25.34217071533203,
        71.79261779785156,
        51.333744049072266
      ],
      "index": 9,
      "top_left": [
        -17.818714141845703,
        71.79261779785156,
        57.2967643737793
      ],
      "top_right": [
        -17.818714141845703,
        66.79261779785156,
        57.2967643737793
      ]
    },
    {
      "bottom_left": [
        -7.117267608642578,
        73.26944732666016,
        70.85540771484375
      ],
      "bottom_right": [
        -7.580934524536133,
        68.81011962890625,
        71.24189758300781
      ],
      "index": 10,
      "top_left": [
        -13.317265510559082,
        68.61876678466797,
        62.152320861816406
      ],
      "top_right": [
        -12.853598594665527,
        73.07809448242188,
        61.765830993652344
      ]
    },
    {
      "bottom_left": [
        18.34420394897461,
        68.37452697753906,
        64.21602630615234
      ],
      "bottom_right": [
        18.938447952270508,
        74.54598236083984,
        64.21602630615234
      ],
      "index": 11,
      "top_left": [
        17.81886863708496,
        74.6537857055664,
        59.34417724609375
      ],
      "top_right": [
        17.224624633789062,
        68.48233032226562,
        59.34417724609375
      ]
    },
    {
      "bottom_left": [
        35.89082336425781,
        65.26170349121094,
        64.68194580078125
      ],
      "bottom_right": [
        39.90259552001953,
        71.83404541015625,
        64.68194580078125
      ],
      "index": 12,
      "top_left": [
        40.28939437866211,
        71.59794616699219,
        59.70252227783203
      ],
      "top_right": [
        36.277618408203125,
        65.02560424804688,
        59.70252227783203
      ]
    },
    {
      "bottom_left": [
        36.4244384765625,
        50.96971130371094,
        64.22772216796875
      ],
      "bottom_right": [
        42.42633819580078,
        45.78013229370117,
        63.72975540161133
      ],
      "index": 13,
      "top_left": [
        42.41974639892578,
        46.178524017333984,
        59.498470306396484
      ],
      "top_right": [
        36.4178466796875,
        51.36810302734375,
        59.99644088745117
      ]
    },
    {
      "bottom_left": [
        23.296096801757812,
        38.00857925415039,
        63.37472152709961
      ],
      "bottom_right": [
        23.296096801757812,
        46.10858154296875,
        63.37472152709961
      ],
      "index": 14,
      "top_left": [
        23.296096801757812,
        46.10858154296875,
        58.37472152709961
      ],
      "top_right": [
        23.296096801757812,
        38.00857925415039,
        58.37472152709961
      ]
    },
    {
      "bottom_left": [
        6.0827484130859375,
        34.38203811645508,
        61.9444580078125
      ],