{
  "has_box_collider": false,
  "asset_name": "DRAGON_DRIFTWAY",
  "asset_type": "Models",
  "model_type": 0,
  "visible": true,
  "start_x": 0.0,
  "start_y": 0.0,
  "start_z": 0.0,
  "modelscale": 6.0,
  "rot_x": 0.0,
  "rot_y": 0.0,
  "rot_z": 0.0,
  "segment_size": 10.0,
  "map_cameras": [
    {
      "name": "Camera",
      "pos": [
        7.4811315536499023,
        -6.5076398849487305,
        5.34366512298584
      ],
      "role": "WIP",
      "rotation": [
        1.1093189716339111,
        0.0,
        0.81492817401885986
      ]
    }
  ],
  "map_waypoints": [
    [
      0.041431993246078491,
      7.0911555290222168,
      49.3998908996582
    ],
    [
      0.28946378827095032,
      25.834741592407227,
      52.054222106933594
    ],
    [
      0.36919957399368286,
      52.325447082519531,
      57.830131530761719
    ],
    [
      0.36919957399368286,
      52.809722900390625,
      82.351821899414062
    ],
    [
      -0.22104382514953613,
      61.319423675537109,
      81.249275207519531
    ],
    [
      0.64096450805664062,
      66.234794616699219,
      71.565628051757812
    ],
    [
      1.2018682956695557,
      65.045257568359375,
      41.471900939941406
    ],
    [
      -3.4028820991516113,
      64.5814208984375,
      24.403491973876953
    ],
    [
      -13.178747177124023,
      64.5814208984375,
      24.403491973876953
    ],
    [
      -14.732192993164063,
      67.507926940917969,
      36.538593292236328
    ],
    [
      -15.314203262329102,
      68.94818115234375,
      51.022281646728516
    ],
    [
      -29.658039093017578,
      68.94818115234375,
      59.017673492431641
    ],
    [
      -22.257974624633789,
      70.13287353515625,
      72.252494812011719
    ],
    [
      -7.1172676086425781,
      72.136024475097656,
      63.543270111083984
    ],
    [
      18.344203948974609,
      71.4517822265625,
      63.543270111083984
    ],
    [
      38.234416961669922,
      68.673866271972656,
      63.543270111083984
    ],
    [
      38.234416961669922,
      47.708396911621094,
      62.759479522705078
    ],
    [
      23.296096801757812,
      43.125984191894531,
      62.156211853027344
    ],
    [
      5.01469087600708,
      41.899127960205078,
      60.591407775878906
    ],
    [
      0.029375553131103516,
      31.879415512084961,
      59.816570281982422
    ],
    [
      0.029375553131103516,
      15.239809036254883,
      59.816570281982422
    ],
    [
      0.029375553131103516,
      9.0096683502197266,
      62.402122497558594
    ],
    [
      0.029375553131103516,
      -0.791151762008667,
      64.243026733398438
    ],
    [
      0.029375553131103516,
      -10.044191360473633,
      66.376998901367188
    ],
    [
      0.029375553131103516,
      -25.501686096191406,
      67.029014587402344
    ],
    [
      0.3781273365020752,
      -51.119041442871094,
      67.029014587402344
    ],
    [
      -2.6404423713684082,
      -60.113357543945312,
      61.208034515380859
    ],
    [
      -0.7885056734085083,
      -43.510055541992188,
      51.183429718017578
    ],
    [
      -0.23048132658004761,
      -28.580078125,
      50.447181701660156
    ],
    [
      -0.23048132658004761,
      -15.95451545715332,
      49.922512054443359
    ]
  ],
  "map_spawnpoints": [
    [
      0.041431993246078491,
      -6.2769122123718262,
      49.991172790527344
    ]
  ],
  "map_finishline": [
    {
      "pos": [
        -0.23048132658004761,
        -0.02462199330329895,
        49.121353149414062
      ],
      "rotation": [
        0.0,
        0.0,
        0.0
      ]
    }
  ],
  "map_itemboxes": [
    {
      "pos": [
        -0.3663669228553772,
        29.647485733032227,
        50.924049377441406
      ],
      "rotation": [
        -0.30979004502296448,
        -0.745186448097229,
        0.17800760269165039
      ]
    },
    {
      "pos": [
        0.32965344190597534,
        29.647485733032227,
        51.594509124755859
      ],
      "rotation": [
        -0.30979004502296448,
        -0.745186448097229,
        0.17800760269165039
      ]
    },
    {
      "pos": [
        0.9802209734916687,
        29.647485733032227,
        52.223194122314453
      ],
      "rotation": [
        -0.30979004502296448,
        -0.745186448097229,
        0.17800760269165039
      ]
    },
    {
      "pos": [
        1.5881087779998779,
        29.647485733032227,
        52.814888000488281
      ],
      "rotation": [
        -0.30979004502296448,
        -0.745186448097229,
        0.17800760269165039
      ]
    },
    {
      "pos": [
        2.1814539432525635,
        29.647485733032227,
        53.389316558837891
      ],
      "rotation": [
        -0.30979004502296448,
        -0.745186448097229,
        0.17800760269165039
      ]
    },
    {
      "pos": [
        9.4143896102905273,
        72.569732666015625,
        63.543270111083984
      ],
      "rotation": [
        0.48562583327293396,
        -0.20471686124801636,
        -0.073104351758956909
      ]
    },
    {
      "pos": [
        9.4143896102905273,
        72.919601440429688,
        62.995353698730469
      ],
      "rotation": [
        0.48562583327293396,
        -0.20471686124801636,
        -0.073104351758956909
      ]
    },
    {
      "pos": [
        9.4143896102905273,
        73.209228515625,
        62.545066833496094
      ],
      "rotation": [
        0.48562583327293396,
        -0.20471686124801636,
        -0.073104351758956909
      ]
    },
    {
      "pos": [
        9.4143896102905273,
        72.250808715820312,
        64.07684326171875
      ],
      "rotation": [
        0.48562583327293396,
        -0.20471686124801636,
        -0.073104351758956909
      ]
    },
    {
      "pos": [
        9.4143896102905273,
        71.981155395507812,
        64.538612365722656
      ],
      "rotation": [
        0.48562583327293396,
        -0.20471686124801636,
        -0.073104351758956909
      ]
    },
    {
      "pos": [
        9.4143896102905273,
        73.575332641601562,
        61.903175354003906
      ],
      "rotation": [
        0.48562583327293396,
        -0.20471686124801636,
        -0.073104351758956909
      ]
    },
    {
      "pos": [
        2.1226670742034912,
        14.09589958190918,
        59.455600738525391
      ],
      "rotation": [
        0.0,
        0.0,
        0.0
      ]
    },
    {
      "pos": [
        1.2131547927856445,
        14.09589958190918,
        59.455600738525391
      ],
      "rotation": [
        0.0,
        0.0,
        0.0
      ]
    },
    {
      "pos": [
        0.13189351558685303,
        14.09589958190918,
        59.455600738525391
      ],
      "rotation": [
        0.0,
        0.0,
        0.0
      ]
    },
    {
      "pos": [
        -0.91059708595275879,
        14.09589958190918,
        59.455600738525391
      ],
      "rotation": [
        0.0,
        0.0,
        0.0
      ]
    },
    {
      "pos": [
        -1.9350889921188355,
        14.09589958190918,
        59.455600738525391
      ],
      "rotation": [
        0.0,
        0.0,
        0.0
      ]
    }
  ]
}