{
  "has_box_collider": true,
  "collision_box": {
    "front_top_left": [
      0.733037,
      1.421536,
      0.544975
    ],
    "front_top_right": [
      -0.733037,
      1.421536,
      0.544975
    ],
    "front_bottom_right": [
      -0.733037,
      -0.02391,
      0.544975
    ],
    "front_bottom_left": [
      0.733037,
      -0.02391,
      0.544975
    ],
    "back_top_left": [
      0.733037,
      1.421536,
      -0.528888
    ],
    "back_top_right": [
      -0.733037,
      1.421536,
      -0.528888
    ],
    "back_bottom_right": [
      -0.733037,
      -0.02391,
      -0.528888
    ],
    "back_bottom_left": [
      0.733037,
      -0.02391,
      -0.528888
    ]
  },
  "asset_name": "ITEM_LIGHTNING_CLOUD",
  "asset_type": "Models",
  "model_type": 1,
  "visible": true,
  "start_x": 0.0,
  "start_y": 1.5,
  "start_z": 0.0,
  "modelscale": 0.5,
  "rot_x": 0.0,
  "rot_y": 0.0,
  "rot_z": 0.0,
  "segment_size": 10.0,
  "in_use_in": []
}