{
  "asset_name": "KITE",
  "asset_type": "Models",
  "model_type": 3,
  "visible": true,
  "start_x": 0.0,
  "start_y": 0.0,
  "start_z": 0.0,
  "modelscale": 0.35,
  "rot_x": 0.0,
  "rot_y": 0.0,
  "rot_z": 0.0,
  "segment_size": 10.0,
  "in_use_in": [
    "Common Models"
  ],
  "has_box_collider": true,
  "collision_box": {
    "front_top_left": [
      15.8428,
      20.3969,
      8.922803
    ],
    "front_top_right": [
      -15.8428,
      20.3969,
      8.922803
    ],
    "front_bottom_right": [
      -15.8428,
      -0.0061,
      8.922803
    ],
    "front_bottom_left": [
      15.8428,
      -0.0061,
      8.922803
    ],
    "back_top_left": [
      15.8428,
      20.3969,
      -13.4509
    ],
    "back_top_right": [
      -15.8428,
      20.3969,
      -13.4509
    ],
    "back_bottom_right": [
      -15.8428,
      -0.0061,
      -13.4509
    ],
    "back_bottom_left": [
      15.8428,
      -0.0061,
      -13.4509
    ]
  }
}