{
  "asset_name": "MKS JUMP CORRECTED",
  "asset_type": "Models",
  "model_type": "Track",
  "has_box_collider": false,
  "visible": true,
  "start_x": 5.0,
  "start_y": 35.0,
  "start_z": -5.0,
  "modelscale": 6.0,
  "rot_x": 0.0,
  "rot_y": 0.0,
  "rot_z": 0.0,
  "segment_size": 10.0,
  "map_cameras": [],
  "map_waypoints": [
	  [
		4.693868160247803,
		3.5236518383026123,
		26.128860473632812
	  ],[
        4.693868160247803,
        37.11811447143555,
        26.128860473632812
      ],[
        12.886573791503906,
        45.278282165527344,
        26.128860473632812
      ],[
        54.39823913574219,
        45.278282165527344,
        26.128860473632812
      ],[
        64.73068237304688,
        37.30846405029297,
        26.128860473632812
      ],[
        54.41104507446289,
        27.81700325012207,
        26.128860473632812
      ],[
        12.394253730773926,
        27.81700325012207,
        32.55253982543945
      ],[
        -14.637507438659668,
        27.81700325012207,
        42.432159423828125
      ],[
        -24.130334854125977,
        21.962310791015625,
        45.65564727783203
      ],[
        -47.37604522705078,
        -6.8957061767578125,
        47.95212936401367
      ],[
        -59.28460693359375,
        -25.489343643188477,
        51.429107666015625
      ],[
        -63.29301071166992,
        -30.238903045654297,
        56.485450744628906
      ],[
        -65.31809997558594,
        -29.50754165649414,
        62.97590637207031
      ],[
        -71.23231506347656,
        -26.711185455322266,
        83.22030639648438
      ],[
        -74.56149291992188,
        -35.762939453125,
        91.110107421875
      ],[
        -73.27667236328125,
        -45.23023986816406,
        83.28047943115234
      ],[
        -68.6732177734375,
        -45.23023986816406,
        62.67493438720703
      ],[
        -64.14759826660156,
        -45.23023986816406,
        53.37969970703125
      ],[
        -48.41828918457031,
        -45.23023986816406,
        36.85762023925781
      ],[
        5.960090637207031,
        -44.27814865112305,
        26.72623634338379
      ],[
        5.960090637207031,
        -26.527803421020508,
        26.5079345703125
      ],[
        4.7696213722229,
        -6.992799758911133,
        26.5079345703125
      ]
  ],
  "map_spawnpoints": []
}