{
  "has_box_collider": false,
  "asset_name": "RAINBOWROAD",
  "asset_type": "Models",
  "model_type": 0,
  "visible": true,
  "start_x": 0.0,
  "start_y": 0.0,
  "start_z": 0.0,
  "modelscale": 11.0,
  "rot_x": 0.0,
  "rot_y": 0.0,
  "rot_z": 0.0,
  "segment_size": 50.0,
  "in_use_in": [
    "Map"
  ],
  "map_cameras": [
    {
      "name": "Camera",
      "pos": [
        7.4811315536499023,
        -6.5076398849487305,
        5.34366512298584
      ],
      "role": "WIP",
      "rotation": [
        1.1093189716339111,
        0.0,
        0.81492817401885986
      ]
    }
  ],
  "map_waypoints": [
    [
      -35.306747436523438,
      -27.768611907958984,
      54.406059265136719
    ],
    [
      -35.306747436523438,
      -21.225307464599609,
      54.663070678710938
    ],
    [
      -35.306747436523438,
      -15.128917694091797,
      53.271198272705078
    ],
    [
      -35.322547912597656,
      -11.568304061889648,
      47.8809700012207
    ],
    [
      -35.322547912597656,
      -9.00683307647705,
      41.344074249267578
    ],
    [
      -35.322547912597656,
      -6.5233554840087891,
      35.254402160644531
    ],
    [
      -35.322547912597656,
      -0.41610878705978394,
      31.290260314941406
    ],
    [
      -35.366744995117188,
      3.5715775489807129,
      30.761476516723633
    ],
    [
      -35.711372375488281,
      10.933792114257813,
      31.123600006103516
    ],
    [
      -40.5914192199707,
      15.104723930358887,
      29.375421524047852
    ],
    [
      -50.37451171875,
      11.617425918579102,
      23.416149139404297
    ],
    [
      -50.37451171875,
      5.15940523147583,
      22.063924789428711
    ],
    [
      -43.390972137451172,
      4.2927150726318359,
      18.586921691894531
    ],
    [
      -24.389837265014648,
      4.2927150726318359,
      15.810540199279785
    ],
    [
      -12.310486793518066,
      4.2927150726318359,
      15.30711555480957
    ],
    [
      -1.4897537231445313,
      4.2927150726318359,
      15.30711555480957
    ],
    [
      10.661383628845215,
      2.4220428466796875,
      14.99388313293457
    ],
    [
      15.337247848510742,
      0.17113836109638214,
      15.55275821685791
    ],
    [
      18.390834808349609,
      1.4473279714584351,
      14.663688659667969
    ],
    [
      22.131301879882812,
      6.4729952812194824,
      13.48716926574707
    ],
    [
      27.292783737182617,
      5.0766410827636719,
      13.224394798278809
    ],
    [
      27.074573516845703,
      -0.62661838531494141,
      13.105617523193359
    ],
    [
      22.201026916503906,
      -3.4564061164855957,
      15.635354042053223
    ],
    [
      -27.125713348388672,
      -10.747823715209961,
      62.084156036376953
    ],
    [
      -36.548809051513672,
      -7.7481698989868164,
      60.007461547851562
    ],
    [
      -42.839752197265625,
      -1.7312998771667481,
      60.007461547851562
    ],
    [
      -47.4630126953125,
      -2.6639137268066406,
      63.494377136230469
    ],
    [
      -50.622074127197266,
      -5.5028066635131836,
      59.573585510253906
    ],
    [
      -51.325614929199219,
      -13.659683227539063,
      55.796077728271484
    ],
    [
      -49.748676300048828,
      -12.656732559204102,
      55.9720344543457
    ],
    [
      -41.876041412353516,
      -43.48919677734375,
      52.597446441650391
    ],
    [
      -42.589595794677734,
      -39.419967651367188,
      51.755638122558594
    ],
    [
      -40.210563659667969,
      -50.267684936523438,
      53.579853057861328
    ],
    [
      -39.947502136230469,
      -50.9553108215332,
      53.803997039794922
    ],
    [
      -33.120876312255859,
      -52.4914665222168,
      55.271438598632812
    ],
    [
      -30.619937896728516,
      -45.887554168701172,
      55.686916351318359
    ],
    [
      -34.491962432861328,
      -39.493789672851562,
      54.493515014648438
    ],
    [
      -35.329425811767578,
      -31.849447250366211,
      54.299015045166016
    ],
    [
      0.0,
      0.0,
      0.0
    ]
  ],
  "map_spawnpoints": [
    [
      -35.329425811767578,
      -32.668292999267578,
      55.2962532043457
    ]
  ],
  "map_finishline": [
    {
      "pos": [
        -35.329425811767578,
        -29.817964553833008,
        54.299015045166016
      ],
      "rotation": [
        0.0,
        0.0,
        0.0
      ]
    }
  ],
  "map_itemboxes": [
    {
      "pos": [
        -36.019691467285156,
        -19.494930267333984,
        54.299015045166016
      ],
      "rotation": [
        0.0,
        0.0,
        0.0
      ]
    },
    {
      "pos": [
        -35.422176361083984,
        -19.494930267333984,
        54.299015045166016
      ],
      "rotation": [
        0.0,
        0.0,
        0.0
      ]
    },
    {
      "pos": [
        -34.880538940429688,
        -19.494930267333984,
        54.299015045166016
      ],
      "rotation": [
        0.0,
        0.0,
        0.0
      ]
    },
    {
      "pos": [
        -34.428806304931641,
        -19.494930267333984,
        54.299015045166016
      ],
      "rotation": [
        0.0,
        0.0,
        0.0
      ]
    }
  ]
}