{
  "asset_name": "CHARACTER_YOSHI",
  "asset_type": "Models",
  "model_type": 2,
  "visible": true,
  "start_x": 0,
  "start_y": 0,
  "start_z": 0,
  "modelscale": 1.0,
  "rot_x": 0,
  "rot_y": 0,
  "rot_z": 0,
  "segment_size": 10,
  "in_use_in": [
    "Character"
  ],
  "has_box_collider": true,
  "collision_box": {
    "front_top_left": [
      1.222129,
      2.225044,
      0.607217
    ],
    "front_top_right": [
      -1.222129,
      2.225044,
      0.607217
    ],
    "front_bottom_right": [
      -1.222129,
      -0.000116,
      0.607217
    ],
    "front_bottom_left": [
      1.222129,
      -0.000116,
      0.607217
    ],
    "back_top_left": [
      1.222129,
      2.225044,
      -2.14801
    ],
    "back_top_right": [
      -1.222129,
      2.225044,
      -2.14801
    ],
    "back_bottom_right": [
      -1.222129,
      -0.000116,
      -2.14801
    ],
    "back_bottom_left": [
      1.222129,
      -0.000116,
      -2.14801
    ]
  }
}