{
  "asset_name": "YOSHI_CIRCUIT_SUBMESH1",
  "asset_type": "Models",
  "model_type": 3,
  "visible": true,
  "start_x": 0.0,
  "start_y": 0.0,
  "start_z": 0.0,
  "modelscale": 6.0,
  "rot_x": 0.0,
  "rot_y": 0.0,
  "rot_z": 0.0,
  "segment_size": 10.0,
  "in_use_in": [
    "Map",
    "Map"
  ],
  "has_box_collider": true,
  "collision_box": {
    "front_top_left": [
      1061.805,
      29.57442,
      1056.005
    ],
    "front_top_right": [
      -1061.805,
      29.57442,
      1056.005
    ],
    "front_bottom_right": [
      -1061.805,
      -15.02928,
      1056.005
    ],
    "front_bottom_left": [
      1061.805,
      -15.02928,
      1056.005
    ],
    "back_top_left": [
      1061.805,
      29.57442,
      -1056.005
    ],
    "back_top_right": [
      -1061.805,
      29.57442,
      -1056.005
    ],
    "back_bottom_right": [
      -1061.805,
      -15.02928,
      -1056.005
    ],
    "back_bottom_left": [
      1061.805,
      -15.02928,
      -1056.005
    ]
  }
}