{
  "asset_name": "ITEM_BOMB",
  "asset_type": "Models",
  "model_type": "Track",
  "has_box_collider": true,
  "collision_box": {
    "front_top_left": [
      28.309568,
      87.292747,
      29.475592
    ],
    "front_top_right": [
      -28.309568,
      87.292747,
      29.475592
    ],
    "front_bottom_right": [
      -28.309568,
      -0.010098,
      29.475592
    ],
    "front_bottom_left": [
      28.309568,
      -0.010098,
      29.475592
    ],
    "back_top_left": [
      28.309568,
      87.292747,
      -55.93121
    ],
    "back_top_right": [
      -28.309568,
      87.292747,
      -55.93121
    ],
    "back_bottom_right": [
      -28.309568,
      -0.010098,
      -55.93121
    ],
    "back_bottom_left": [
      28.309568,
      -0.010098,
      -55.93121
    ]
  },
  "visible": true,
  "start_x": 0.0,
  "start_y": 0.0,
  "start_z": 0.0,
  "modelscale": 1.0,
  "rot_x": 0.0,
  "rot_y": 0.0,
  "rot_z": 0.0,
  "segment_size": 10.0
}