{
  "asset_name": "ITEM_BOMB",
  "asset_type": "Models",
  "model_type": "Track",
  "has_box_collider": true,
  "collision_box": {
    "front_top_left": [
      0.425215,
      1.297428,
      0.425174
    ],
    "front_top_right": [
      -0.425131,
      1.297428,
      0.425174
    ],
    "front_bottom_right": [
      -0.425131,
      -0.000338,
      0.425174
    ],
    "front_bottom_left": [
      0.425215,
      -0.000338,
      0.425174
    ],
    "back_top_left": [
      0.425215,
      1.297428,
      -0.853366
    ],
    "back_top_right": [
      -0.425131,
      1.297428,
      -0.853366
    ],
    "back_bottom_right": [
      -0.425131,
      -0.000338,
      -0.853366
    ],
    "back_bottom_left": [
      0.425215,
      -0.000338,
      -0.853366
    ]
  },
  "visible": true,
  "start_x": 0,
  "start_y": 0,
  "start_z": 0,
  "modelscale": 1.0,
  "rot_x": 0,
  "rot_y": 0,
  "rot_z": 0,
  "segment_size": 10
}